datetime,open,high,low,close,volume
2024-08-01T00:00:00+00:00,2261.52,2270.16,1982.94,2027.99,1441382
2024-08-08T00:00:00+00:00,2027.99,2132.4,2017.09,2083.4,928347
2024-08-15T00:00:00+00:00,2083.4,2179.88,2072.83,2173.45,747227
2024-08-22T00:00:00+00:00,2173.45,2243.14,2148.13,2190.32,949535
2024-08-29T00:00:00+00:00,2190.32,2227.05,2131.85,2141.54,910459
2024-09-05T00:00:00+00:00,2141.54,2155.99,2055.94,2103.84,1071104
2024-09-12T00:00:00+00:00,2103.84,2264.53,2098.04,2210.67,844766
2024-09-19T00:00:00+00:00,2210.67,2282.05,2199.58,2203.09,659317
2024-09-26T00:00:00+00:00,2203.09,2251.66,2180.64,2200.89,804529
2024-10-03T00:00:00+00:00,2200.89,2225.12,2172.23,2199.05,752529
2024-10-10T00:00:00+00:00,2199.05,2295.46,2166.91,2291.45,590727
2024-10-17T00:00:00+00:00,2291.45,2297.81,2194.78,2212.74,554595
2024-10-24T00:00:00+00:00,2212.74,2267.61,2205.77,2234,600665
2024-10-31T00:00:00+00:00,2234,2415.26,2189.09,2394.94,884170
2024-11-07T00:00:00+00:00,2394.94,2447.38,2371.39,2376.96,759737
2024-11-14T00:00:00+00:00,2376.96,2393.85,2276.12,2330.27,812768
2024-11-21T00:00:00+00:00,2330.27,2471.45,2315.71,2431.82,728410
2024-11-28T00:00:00+00:00,2431.82,2455.55,2387.84,2429.24,393464
2024-12-05T00:00:00+00:00,2429.24,2432.73,2377.43,2397.12,500956
2024-12-12T00:00:00+00:00,2397.12,2398.47,2210.78,2228.29,733635
2024-12-19T00:00:00+00:00,2228.29,2271.64,2190.74,2259.92,656545
2024-12-26T00:00:00+00:00,2259.92,2285.89,2201.33,2234.5,642198
2025-01-02T00:00:00+00:00,2234.5,2299.03,2212.05,2240.56,990178
2025-01-09T00:00:00+00:00,2240.56,2291.31,2160.15,2265.33,874661
2025-01-16T00:00:00+00:00,2265.33,2325.71,2247.47,2305.81,699236
2025-01-23T00:00:00+00:00,2305.81,2324.07,2267.42,2285.12,841483
2025-01-30T00:00:00+00:00,2285.12,2325,2189.81,2319.56,981639
2025-02-06T00:00:00+00:00,2319.56,2328.64,2225.39,2257.41,704427
2025-02-13T00:00:00+00:00,2257.41,2299.52,2251.72,2279.44,534681
2025-02-20T00:00:00+00:00,2279.44,2281.83,2153.01,2179.71,1006282
2025-02-27T00:00:00+00:00,2179.71,2197.08,2047.95,2099.17,1577860
2025-03-06T00:00:00+00:00,2099.17,2103.45,1999.91,2023.78,1936379
2025-03-13T00:00:00+00:00,2023.78,2095.65,1984.08,2082.4,1352967
2025-03-20T00:00:00+00:00,2082.4,2113.33,2033.68,2074.4,877304
2025-03-27T00:00:00+00:00,2074.4,2084.33,1963.22,1964.18,1283556
2025-04-03T00:00:00+00:00,1964.18,1970.86,1699.69,1926.2,3363992
2025-04-10T00:00:00+00:00,1926.2,1934.52,1783.4,1862.32,2322315
2025-04-17T00:00:00+00:00,1862.32,1971.75,1821.92,1923.66,1209267
2025-04-24T00:00:00+00:00,1923.66,1984.05,1901.27,1962.17,1346572
2025-05-01T00:00:00+00:00,1962.17,2027.24,1952.01,1989.77,1120123
2025-05-08T00:00:00+00:00,1989.77,2133.73,1987.25,2081.94,1067210
2025-05-15T00:00:00+00:00,2081.94,2115.52,2041.74,2045.38,847174
2025-05-22T00:00:00+00:00,2045.38,2093.92,1976.95,2066.51,926159
2025-05-29T00:00:00+00:00,2066.51,2127.11,2039.13,2095.98,1086878
2025-06-05T00:00:00+00:00,2095.98,2192.18,2082.12,2147.09,1047167
2025-06-12T00:00:00+00:00,2147.09,2149.72,2069.99,2114.37,944091
2025-06-19T00:00:00+00:00,2114.37,2167.48,2074.56,2135.31,783640
2025-06-26T00:00:00+00:00,2135.31,2232.8,2134.93,2231.14,725497
2025-07-03T00:00:00+00:00,2231.14,2261.74,2200.54,2255.02,640031
2025-07-10T00:00:00+00:00,2255.02,2278.71,2185.66,2225.56,843528
2025-07-17T00:00:00+00:00,2225.56,2285.47,2215.8,2281.13,766851
2025-07-24T00:00:00+00:00,2281.13,2283.38,2216.95,2217.89,671394
2025-07-31T00:00:00+00:00,2217.89,2244.21,2138.28,2222.74,1217099
2025-08-07T00:00:00+00:00,2222.74,2331.52,2200.79,2326.5,877993
2025-08-14T00:00:00+00:00,2326.5,2330.49,2252.02,2270.79,807293
2025-08-21T00:00:00+00:00,2270.79,2378.57,2252.49,2378.57,886575
2025-08-28T00:00:00+00:00,2378.57,2394.29,2323.88,2354.91,833022
2025-09-04T00:00:00+00:00,2354.91,2410.29,2349.73,2376.05,972812
2025-09-11T00:00:00+00:00,2376.05,2462.67,2368.46,2410.54,900667
2025-09-18T00:00:00+00:00,2410.54,2494.03,2409.09,2442.97,835997
2025-09-25T00:00:00+00:00,2442.97,2454.1,2396.49,2443.34,1006537
2025-10-02T00:00:00+00:00,2443.34,2504.13,2433.45,2486.48,880452
2025-10-09T00:00:00+00:00,2486.48,2547.52,2392.71,2522.8,1493885
2025-10-16T00:00:00+00:00,2522.8,2536.28,2418.53,2454.35,1531797
2025-10-23T00:00:00+00:00,2454.35,2554.7,2445.34,2489.43,910223
2025-10-30T00:00:00+00:00,2489.43,2508.53,2412.25,2468.9,1293573
2025-11-06T00:00:00+00:00,2468.9,2481.35,2379.69,2451.03,1451573
2025-11-13T00:00:00+00:00,2451.03,2459.44,2316.8,2360.63,2214853
2025-11-20T00:00:00+00:00,2360.63,2503.62,2296.11,2488.66,2060117
2025-11-27T00:00:00+00:00,2488.66,2513.36,2465.35,2511.46,794004
2025-12-04T00:00:00+00:00,2511.46,2580.27,2500.09,2569.5,1044803
2025-12-11T00:00:00+00:00,2569.5,2603.56,2488.52,2498.03,1385472
2025-12-18T00:00:00+00:00,2498.03,2572.96,2491.92,2547.92,953115
2025-12-25T00:00:00+00:00,2547.92,2549.95,2490.01,2497.39,380672
2026-01-01T00:00:00+00:00,2497.39,2591,2480.2,2579.61,823805
2026-01-08T00:00:00+00:00,2579.61,2663.56,2561.77,2648.47,1064502
2026-01-15T00:00:00+00:00,2648.47,2708.38,2619.83,2701.47,1192273
2026-01-22T00:00:00+00:00,2701.47,2738.44,2634.5,2654.81,1061336
2026-01-29T00:00:00+00:00,2654.81,2672.05,2568.12,2631.19,1983590
2026-02-05T00:00:00+00:00,2631.19,2713.98,2560.19,2672.48,1746981
2026-02-12T00:00:00+00:00,2672.48,2694.96,2601.66,2657.78,2136872
2026-02-19T00:00:00+00:00,2657.78,2691.15,2599.05,2664.54,1851314
2026-02-26T00:00:00+00:00,2664.54,2680.34,2549.28,2634.65,2478808
2026-03-05T00:00:00+00:00,2634.65,2642.97,2415.22,2538.99,2753546
2026-03-12T00:00:00+00:00,2538.99,2547.05,2461.02,2470.81,2802680
2026-03-19T00:00:00+00:00,2470.81,2559.66,2400.45,2534.69,2587559
2026-03-26T00:00:00+00:00,2534.69,2543.57,2395.51,2514.73,2830100
2026-04-02T00:00:00+00:00,2514.73,2651.9,2453.54,2619.28,2187079
2026-04-09T00:00:00+00:00,2619.28,2716.54,2580.94,2713.89,1385267
2026-04-16T00:00:00+00:00,2713.89,2819.45,2701.33,2782.42,1605329
2026-04-23T00:00:00+00:00,2782.42,2803.34,2721.09,2729.23,1973362
2026-04-30T00:00:00+00:00,2729.23,2910.21,2716.94,2883.77,1634536
2026-05-07T00:00:00+00:00,2883.77,2899.61,2801.01,2845.5,1477593
2026-05-14T00:00:00+00:00,2845.5,2875.14,2723.07,2813.44,2338436
2026-05-21T00:00:00+00:00,2813.44,2947.69,2787.81,2925.34,1452139
2026-05-28T00:00:00+00:00,2925.34,2944.73,2878.76,2888.61,1525017
2026-06-04T00:00:00+00:00,2888.61,2945.43,2791.83,2832.35,3234906
2026-06-11T00:00:00+00:00,2832.35,3003.63,2811.88,2927.73,2821238
2026-06-18T00:00:00+00:00,2927.73,3021.82,2925.01,3004.11,2047809
2026-06-25T00:00:00+00:00,3004.11,3049.95,2970.4,3012.91,2439516
2026-07-02T00:00:00+00:00,3012.91,3044.65,2927.58,2947.66,1967780
2026-07-09T00:00:00+00:00,2947.66,3013.87,2942.31,2980.4,1588946
2026-07-16T00:00:00+00:00,2980.4,2999.37,2935.95,2961.44,1753812
2026-07-23T00:00:00+00:00,2961.44,2975.13,2892.14,2892.57,1814874
2026-07-30T00:00:00+00:00,2892.57,2963.26,2892.57,2959.88,409683
